id;name;url;release_date
1;synthesizing navigate Poland;https://ross.com;2020-12-24
2;West;http://karina.info;2020-12-24
3;parsing;http://leif.info;2020-12-23
4;Account channels Bedfordshire;https://shanie.com;2020-12-24
5;Total;http://bertram.org;2020-12-24
6;Steel;http://destini.com;2020-12-24
7;Generic Concrete Re-contextualized;http://ashton.com;2020-12-24
8;reboot Lats circuit;http://felix.name;2020-12-24
9;Minnesota Rubber;http://diamond.org;2020-12-23
10;RSS Garden Home;https://lexie.name;2020-12-24
